participant,name,jack1
participant,age,35
participant,gender,female
meta,maxTrials,5
meta,screenWidth,868
meta,screenHeight,1036
meta,refreshHz,180

TRIAL_LAYOUT
trial,targetCount,distractorCount,targetIds,distractorIds
2,290,710,[0 9 11 12 13 20 24 25 37 42 48 59 60 63 65 66 67 69 76 79 83 86 94 97 98 100 104 106 107 110 113 114 116 122 133 147 160 163 166 172 173 182 183 185 195 200 201 204 207 208 211 212 213 215 222 223 226 227 229 231 233 236 237 240 241 243 250 252 260 263 277 279 281 283 285 288 291 293 295 296 299 309 311 312 313 315 316 320 329 331 334 335 339 342 344 345 347 348 353 354 355 359 360 361 368 374 375 381 385 386 387 394 396 401 402 403 408 412 413 414 415 416 419 421 422 423 427 429 431 433 434 438 439 447 448 452 453 455 457 459 464 465 467 471 477 485 487 489 490 495 497 499 501 508 511 527 540 544 548 550 554 555 556 561 562 564 566 569 571 572 575 577 578 580 581 585 594 598 601 603 605 607 609 610 614 615 622 624 636 638 640 641 643 649 651 653 656 658 663 665 666 673 674 682 683 686 689 690 695 696 700 704 705 709 712 720 727 730 743 746 755 756 757 760 766 767 771 773 777 783 784 794 796 800 801 807 808 814 818 819 826 828 838 843 844 846 847 848 850 855 865 868 874 876 879 881 882 883 885 886 890 892 894 895 902 908 912 914 917 919 920 923 924 932 937 942 944 949 951 953 954 966 972 973 978 987 988 992 996 998],[1 2 3 4 5 6 7 8 10 14 15 16 17 18 19 21 22 23 26 27 28 29 30 31 32 33 34 35 36 38 39 40 41 43 44 45 46 47 49 50 51 52 53 54 55 56 57 58 61 62 64 68 70 71 72 73 74 75 77 78 80 81 82 84 85 87 88 89 90 91 92 93 95 96 99 101 102 103 105 108 109 111 112 115 117 118 119 120 121 123 124 125 126 127 128 129 130 131 132 134 135 136 137 138 139 140 141 142 143 144 145 146 148 149 150 151 152 153 154 155 156 157 158 159 161 162 164 165 167 168 169 170 171 174 175 176 177 178 179 180 181 184 186 187 188 189 190 191 192 193 194 196 197 198 199 202 203 205 206 209 210 214 216 217 218 219 220 221 224 225 228 230 232 234 235 238 239 242 244 245 246 247 248 249 251 253 254 255 256 257 258 259 261 262 264 265 266 267 268 269 270 271 272 273 274 275 276 278 280 282 284 286 287 289 290 292 294 297 298 300 301 302 303 304 305 306 307 308 310 314 317 318 319 321 322 323 324 325 326 327 328 330 332 333 336 337 338 340 341 343 346 349 350 351 352 356 357 358 362 363 364 365 366 367 369 370 371 372 373 376 377 378 379 380 382 383 384 388 389 390 391 392 393 395 397 398 399 400 404 405 406 407 409 410 411 417 418 420 424 425 426 428 430 432 435 436 437 440 441 442 443 444 445 446 449 450 451 454 456 458 460 461 462 463 466 468 469 470 472 473 474 475 476 478 479 480 481 482 483 484 486 488 491 492 493 494 496 498 500 502 503 504 505 506 507 509 510 512 513 514 515 516 517 518 519 520 521 522 523 524 525 526 528 529 530 531 532 533 534 535 536 537 538 539 541 542 543 545 546 547 549 551 552 553 557 558 559 560 563 565 567 568 570 573 574 576 579 582 583 584 586 587 588 589 590 591 592 593 595 596 597 599 600 602 604 606 608 611 612 613 616 617 618 619 620 621 623 625 626 627 628 629 630 631 632 633 634 635 637 639 642 644 645 646 647 648 650 652 654 655 657 659 660 661 662 664 667 668 669 670 671 672 675 676 677 678 679 680 681 684 685 687 688 691 692 693 694 697 698 699 701 702 703 706 707 708 710 711 713 714 715 716 717 718 719 721 722 723 724 725 726 728 729 731 732 733 734 735 736 737 738 739 740 741 742 744 745 747 748 749 750 751 752 753 754 758 759 761 762 763 764 765 768 769 770 772 774 775 776 778 779 780 781 782 785 786 787 788 789 790 791 792 793 795 797 798 799 802 803 804 805 806 809 810 811 812 813 815 816 817 820 821 822 823 824 825 827 829 830 831 832 833 834 835 836 837 839 840 841 842 845 849 851 852 853 854 856 857 858 859 860 861 862 863 864 866 867 869 870 871 872 873 875 877 878 880 884 887 888 889 891 893 896 897 898 899 900 901 903 904 905 906 907 909 910 911 913 915 916 918 921 922 925 926 927 928 929 930 931 933 934 935 936 938 939 940 941 943 945 946 947 948 950 952 955 956 957 958 959 960 961 962 963 964 965 967 968 969 970 971 974 975 976 977 979 980 981 982 983 984 985 986 989 990 991 993 994 995 997 999]
3,284,716,[4 10 13 14 22 24 28 29 32 35 38 39 41 45 47 51 52 57 58 68 72 75 77 78 81 86 87 88 92 95 96 99 107 112 114 115 119 120 125 134 138 139 143 146 147 154 165 168 169 177 178 179 185 186 187 199 200 203 208 209 210 212 213 218 219 227 231 232 238 244 245 248 249 254 258 259 260 262 263 265 268 269 270 273 274 278 281 283 284 287 288 290 294 296 298 303 309 317 321 326 329 336 337 339 342 347 348 360 363 365 369 371 373 377 381 387 392 394 399 403 404 405 415 423 424 429 431 432 433 458 459 462 465 467 469 482 483 485 497 498 499 504 507 508 515 529 530 532 538 542 549 551 555 564 567 568 578 581 583 594 606 614 618 620 621 622 626 627 628 629 639 643 646 649 651 657 658 660 661 666 668 671 673 677 679 681 682 683 684 688 692 695 696 701 702 704 707 709 710 711 721 731 738 747 749 752 756 759 766 767 769 770 772 777 778 780 781 782 783 784 788 789 790 791 792 795 798 807 809 812 817 824 825 829 830 831 832 833 836 838 839 842 846 847 849 853 856 857 861 862 864 865 871 873 878 879 885 889 890 892 893 895 899 901 910 922 927 928 933 937 939 940 952 962 966 967 972 975 981 984 987 988 997 999],[0 1 2 3 5 6 7 8 9 11 12 15 16 17 18 19 20 21 23 25 26 27 30 31 33 34 36 37 40 42 43 44 46 48 49 50 53 54 55 56 59 60 61 62 63 64 65 66 67 69 70 71 73 74 76 79 80 82 83 84 85 89 90 91 93 94 97 98 100 101 102 103 104 105 106 108 109 110 111 113 116 117 118 121 122 123 124 126 127 128 129 130 131 132 133 135 136 137 140 141 142 144 145 148 149 150 151 152 153 155 156 157 158 159 160 161 162 163 164 166 167 170 171 172 173 174 175 176 180 181 182 183 184 188 189 190 191 192 193 194 195 196 197 198 201 202 204 205 206 207 211 214 215 216 217 220 221 222 223 224 225 226 228 229 230 233 234 235 236 237 239 240 241 242 243 246 247 250 251 252 253 255 256 257 261 264 266 267 271 272 275 276 277 279 280 282 285 286 289 291 292 293 295 297 299 300 301 302 304 305 306 307 308 310 311 312 313 314 315 316 318 319 320 322 323 324 325 327 328 330 331 332 333 334 335 338 340 341 343 344 345 346 349 350 351 352 353 354 355 356 357 358 359 361 362 364 366 367 368 370 372 374 375 376 378 379 380 382 383 384 385 386 388 389 390 391 393 395 396 397 398 400 401 402 406 407 408 409 410 411 412 413 414 416 417 418 419 420 421 422 425 426 427 428 430 434 435 436 437 438 439 440 441 442 443 444 445 446 447 448 449 450 451 452 453 454 455 456 457 460 461 463 464 466 468 470 471 472 473 474 475 476 477 478 479 480 481 484 486 487 488 489 490 491 492 493 494 495 496 500 501 502 503 505 506 509 510 511 512 513 514 516 517 518 519 520 521 522 523 524 525 526 527 528 531 533 534 535 536 537 539 540 541 543 544 545 546 547 548 550 552 553 554 556 557 558 559 560 561 562 563 565 566 569 570 571 572 573 574 575 576 577 579 580 582 584 585 586 587 588 589 590 591 592 593 595 596 597 598 599 600 601 602 603 604 605 607 608 609 610 611 612 613 615 616 617 619 623 624 625 630 631 632 633 634 635 636 637 638 640 641 642 644 645 647 648 650 652 653 654 655 656 659 662 663 664 665 667 669 670 672 674 675 676 678 680 685 686 687 689 690 691 693 694 697 698 699 700 703 705 706 708 712 713 714 715 716 717 718 719 720 722 723 724 725 726 727 728 729 730 732 733 734 735 736 737 739 740 741 742 743 744 745 746 748 750 751 753 754 755 757 758 760 761 762 763 764 765 768 771 773 774 775 776 779 785 786 787 793 794 796 797 799 800 801 802 803 804 805 806 808 810 811 813 814 815 816 818 819 820 821 822 823 826 827 828 834 835 837 840 841 843 844 845 848 850 851 852 854 855 858 859 860 863 866 867 868 869 870 872 874 875 876 877 880 881 882 883 884 886 887 888 891 894 896 897 898 900 902 903 904 905 906 907 908 909 911 912 913 914 915 916 917 918 919 920 921 923 924 925 926 929 930 931 932 934 935 936 938 941 942 943 944 945 946 947 948 949 950 951 953 954 955 956 957 958 959 960 961 963 964 965 968 969 970 971 973 974 976 977 978 979 980 982 983 985 986 989 990 991 992 993 994 995 996 998]
4,297,703,[1 3 5 8 9 13 19 20 22 27 29 35 39 41 48 50 64 65 75 77 97 98 99 102 105 108 109 112 119 122 131 134 135 137 139 143 156 157 161 165 168 169 172 173 176 177 179 185 189 194 203 205 215 218 220 222 223 224 226 231 233 236 249 250 260 264 266 268 269 273 275 279 283 288 290 292 293 294 296 301 302 303 306 310 313 315 316 318 324 326 334 343 347 353 354 355 360 363 364 366 367 373 375 377 379 382 383 387 388 399 405 409 410 416 420 421 428 429 431 437 439 440 445 446 448 451 460 461 464 476 480 481 487 490 491 496 499 501 504 510 511 516 524 525 527 531 532 537 539 541 546 548 549 557 559 560 563 564 565 566 569 572 576 577 580 587 590 597 602 604 607 608 610 612 617 623 625 626 627 629 635 637 640 641 644 646 647 648 652 654 661 662 666 670 678 684 686 687 689 695 702 706 711 715 717 723 725 730 741 742 743 746 747 750 751 760 767 769 770 771 773 778 781 784 794 795 797 798 799 803 806 808 810 811 812 813 815 816 826 827 830 833 836 839 840 842 851 852 853 854 857 860 862 865 868 870 871 873 876 877 883 884 885 887 893 894 896 899 904 906 907 911 916 919 925 928 931 936 938 939 944 947 958 959 960 966 971 975 976 977 981 984 986 988 989 991 997],[0 2 4 6 7 10 11 12 14 15 16 17 18 21 23 24 25 26 28 30 31 32 33 34 36 37 38 40 42 43 44 45 46 47 49 51 52 53 54 55 56 57 58 59 60 61 62 63 66 67 68 69 70 71 72 73 74 76 78 79 80 81 82 83 84 85 86 87 88 89 90 91 92 93 94 95 96 100 101 103 104 106 107 110 111 113 114 115 116 117 118 120 121 123 124 125 126 127 128 129 130 132 133 136 138 140 141 142 144 145 146 147 148 149 150 151 152 153 154 155 158 159 160 162 163 164 166 167 170 171 174 175 178 180 181 182 183 184 186 187 188 190 191 192 193 195 196 197 198 199 200 201 202 204 206 207 208 209 210 211 212 213 214 216 217 219 221 225 227 228 229 230 232 234 235 237 238 239 240 241 242 243 244 245 246 247 248 251 252 253 254 255 256 257 258 259 261 262 263 265 267 270 271 272 274 276 277 278 280 281 282 284 285 286 287 289 291 295 297 298 299 300 304 305 307 308 309 311 312 314 317 319 320 321 322 323 325 327 328 329 330 331 332 333 335 336 337 338 339 340 341 342 344 345 346 348 349 350 351 352 356 357 358 359 361 362 365 368 369 370 371 372 374 376 378 380 381 384 385 386 389 390 391 392 393 394 395 396 397 398 400 401 402 403 404 406 407 408 411 412 413 414 415 417 418 419 422 423 424 425 426 427 430 432 433 434 435 436 438 441 442 443 444 447 449 450 452 453 454 455 456 457 458 459 462 463 465 466 467 468 469 470 471 472 473 474 475 477 478 479 482 483 484 485 486 488 489 492 493 494 495 497 498 500 502 503 505 506 507 508 509 512 513 514 515 517 518 519 520 521 522 523 526 528 529 530 533 534 535 536 538 540 542 543 544 545 547 550 551 552 553 554 555 556 558 561 562 567 568 570 571 573 574 575 578 579 581 582 583 584 585 586 588 589 591 592 593 594 595 596 598 599 600 601 603 605 606 609 611 613 614 615 616 618 619 620 621 622 624 628 630 631 632 633 634 636 638 639 642 643 645 649 650 651 653 655 656 657 658 659 660 663 664 665 667 668 669 671 672 673 674 675 676 677 679 680 681 682 683 685 688 690 691 692 693 694 696 697 698 699 700 701 703 704 705 707 708 709 710 712 713 714 716 718 719 720 721 722 724 726 727 728 729 731 732 733 734 735 736 737 738 739 740 744 745 748 749 752 753 754 755 756 757 758 759 761 762 763 764 765 766 768 772 774 775 776 777 779 780 782 783 785 786 787 788 789 790 791 792 793 796 800 801 802 804 805 807 809 814 817 818 819 820 821 822 823 824 825 828 829 831 832 834 835 837 838 841 843 844 845 846 847 848 849 850 855 856 858 859 861 863 864 866 867 869 872 874 875 878 879 880 881 882 886 888 889 890 891 892 895 897 898 900 901 902 903 905 908 909 910 912 913 914 915 917 918 920 921 922 923 924 926 927 929 930 932 933 934 935 937 940 941 942 943 945 946 948 949 950 951 952 953 954 955 956 957 961 962 963 964 965 967 968 969 970 972 973 974 978 979 980 982 983 985 987 990 992 993 994 995 996 998 999]
5,303,697,[4 8 12 14 15 16 18 19 26 27 28 31 33 35 36 37 40 43 46 48 49 59 60 63 65 69 73 77 79 85 87 89 90 91 93 96 98 102 103 108 110 114 126 131 133 136 139 141 146 150 153 158 167 169 178 179 181 184 186 191 192 193 194 195 196 197 203 204 221 223 224 226 228 230 234 235 239 242 246 248 250 256 260 269 273 275 276 279 284 286 287 290 291 293 294 298 299 306 307 311 314 319 321 322 324 328 339 341 355 357 358 364 365 366 368 374 382 383 387 388 390 391 394 396 403 406 407 408 409 413 415 418 419 423 426 433 435 436 441 443 444 445 446 447 451 452 457 458 460 463 466 467 469 475 476 484 486 495 499 500 507 514 515 524 525 526 530 541 542 545 546 548 551 552 553 557 558 562 564 567 574 582 583 593 595 596 599 600 602 610 612 614 621 635 642 646 650 651 652 655 659 660 662 664 666 669 670 678 679 685 686 687 688 693 695 698 700 702 703 710 711 714 716 723 726 730 731 732 734 735 736 737 738 739 742 747 748 753 755 756 757 758 767 769 770 774 776 781 786 794 798 801 805 813 822 823 825 826 832 833 835 836 839 842 844 850 851 853 857 859 864 865 867 869 874 878 879 883 898 900 904 910 913 914 922 933 935 947 950 952 956 957 960 964 969 972 973 974 985 986 989 992 999],[0 1 2 3 5 6 7 9 10 11 13 17 20 21 22 23 24 25 29 30 32 34 38 39 41 42 44 45 47 50 51 52 53 54 55 56 57 58 61 62 64 66 67 68 70 71 72 74 75 76 78 80 81 82 83 84 86 88 92 94 95 97 99 100 101 104 105 106 107 109 111 112 113 115 116 117 118 119 120 121 122 123 124 125 127 128 129 130 132 134 135 137 138 140 142 143 144 145 147 148 149 151 152 154 155 156 157 159 160 161 162 163 164 165 166 168 170 171 172 173 174 175 176 177 180 182 183 185 187 188 189 190 198 199 200 201 202 205 206 207 208 209 210 211 212 213 214 215 216 217 218 219 220 222 225 227 229 231 232 233 236 237 238 240 241 243 244 245 247 249 251 252 253 254 255 257 258 259 261 262 263 264 265 266 267 268 270 271 272 274 277 278 280 281 282 283 285 288 289 292 295 296 297 300 301 302 303 304 305 308 309 310 312 313 315 316 317 318 320 323 325 326 327 329 330 331 332 333 334 335 336 337 338 340 342 343 344 345 346 347 348 349 350 351 352 353 354 356 359 360 361 362 363 367 369 370 371 372 373 375 376 377 378 379 380 381 384 385 386 389 392 393 395 397 398 399 400 401 402 404 405 410 411 412 414 416 417 420 421 422 424 425 427 428 429 430 431 432 434 437 438 439 440 442 448 449 450 453 454 455 456 459 461 462 464 465 468 470 471 472 473 474 477 478 479 480 481 482 483 485 487 488 489 490 491 492 493 494 496 497 498 501 502 503 504 505 506 508 509 510 511 512 513 516 517 518 519 520 521 522 523 527 528 529 531 532 533 534 535 536 537 538 539 540 543 544 547 549 550 554 555 556 559 560 561 563 565 566 568 569 570 571 572 573 575 576 577 578 579 580 581 584 585 586 587 588 589 590 591 592 594 597 598 601 603 604 605 606 607 608 609 611 613 615 616 617 618 619 620 622 623 624 625 626 627 628 629 630 631 632 633 634 636 637 638 639 640 641 643 644 645 647 648 649 653 654 656 657 658 661 663 665 667 668 671 672 673 674 675 676 677 680 681 682 683 684 689 690 691 692 694 696 697 699 701 704 705 706 707 708 709 712 713 715 717 718 719 720 721 722 724 725 727 728 729 733 740 741 743 744 745 746 749 750 751 752 754 759 760 761 762 763 764 765 766 768 771 772 773 775 777 778 779 780 782 783 784 785 787 788 789 790 791 792 793 795 796 797 799 800 802 803 804 806 807 808 809 810 811 812 814 815 816 817 818 819 820 821 824 827 828 829 830 831 834 837 838 840 841 843 845 846 847 848 849 852 854 855 856 858 860 861 862 863 866 868 870 871 872 873 875 876 877 880 881 882 884 885 886 887 888 889 890 891 892 893 894 895 896 897 899 901 902 903 905 906 907 908 909 911 912 915 916 917 918 919 920 921 923 924 925 926 927 928 929 930 931 932 934 936 937 938 939 940 941 942 943 944 945 946 948 949 951 953 954 955 958 959 961 962 963 965 966 967 968 970 971 975 976 977 978 979 980 981 982 983 984 987 988 990 991 993 994 995 996 997 998]

CLICK_DATA
participant,age,gender,trial,globalTimeMs,trialTimeMs,rtPrevMs,instanceId,colorHex,colorCategory,action,screenX,screenY
jack1,35,female,1,852,852,,110,0xff0040,TARGET,LEFT_PICK,377,569
jack1,35,female,1,1294,1294,442,120,0x228b22,DISTRACTOR,LEFT_PICK,370,607
jack1,35,female,1,1620,1620,326,130,0x006400,DISTRACTOR,RIGHT_REJECT,364,643
jack1,35,female,1,2088,2088,468,240,0xff0040,TARGET,LEFT_PICK,364,671
jack1,35,female,1,2393,2393,305,230,0xff0040,TARGET,LEFT_PICK,346,657
jack1,35,female,1,2719,2719,326,140,0xff0040,TARGET,LEFT_PICK,372,727
jack1,35,female,1,3022,3022,303,251,0xff0040,TARGET,LEFT_PICK,387,705
jack1,35,female,1,3432,3432,410,30,0x8b0000,DISTRACTOR,LEFT_PICK,444,705
jack1,35,female,1,3698,3698,266,20,0xff0040,TARGET,LEFT_PICK,431,655
jack1,35,female,1,4004,4004,306,10,0x228b22,DISTRACTOR,LEFT_PICK,445,624
jack1,35,female,1,4459,4459,455,131,0x8b0000,DISTRACTOR,LEFT_PICK,450,635
jack1,35,female,1,4706,4706,247,242,0x8b0000,DISTRACTOR,LEFT_PICK,448,649
jack1,35,female,1,4941,4941,235,121,0x006400,DISTRACTOR,LEFT_PICK,442,600
jack1,35,female,1,5225,5225,284,231,0x8b0000,DISTRACTOR,LEFT_PICK,407,609
jack1,35,female,1,5563,5563,338,221,0x8b0000,DISTRACTOR,LEFT_PICK,386,595
jack1,35,female,1,5921,5921,358,241,0x228b22,DISTRACTOR,LEFT_PICK,390,633
jack1,35,female,1,6328,6328,407,342,0x006400,DISTRACTOR,LEFT_PICK,393,623
jack1,35,female,1,6678,6678,350,352,0x006400,DISTRACTOR,LEFT_PICK,388,641
jack1,35,female,1,6916,6916,238,341,0x006400,DISTRACTOR,LEFT_PICK,369,640
jack1,35,female,1,7224,7224,308,351,0x006400,DISTRACTOR,LEFT_PICK,348,664
jack1,35,female,1,7726,7726,502,461,0x228b22,DISTRACTOR,RIGHT_REJECT,335,666
jack1,35,female,1,8071,8071,345,462,0x228b22,DISTRACTOR,RIGHT_REJECT,363,657
jack1,35,female,1,8475,8475,404,573,0xff0040,TARGET,RIGHT_REJECT,363,644
jack1,35,female,1,9077,9077,602,463,0x8b0000,DISTRACTOR,RIGHT_REJECT,386,630
jack1,35,female,1,9513,9513,436,453,0x8b0000,DISTRACTOR,LEFT_PICK,401,600
jack1,35,female,1,9898,9898,385,563,0x8b0000,DISTRACTOR,RIGHT_REJECT,386,605
jack1,35,female,1,10292,10292,394,574,0xff0040,TARGET,RIGHT_REJECT,388,617
jack1,35,female,1,10712,10712,420,564,0x006400,DISTRACTOR,RIGHT_REJECT,403,593
jack1,35,female,1,11109,11109,397,332,0xff0040,TARGET,RIGHT_REJECT,393,564
jack1,35,female,1,11511,11511,402,100,0x006400,DISTRACTOR,LEFT_PICK,386,532
jack1,35,female,1,11913,11913,402,200,0xff0040,TARGET,LEFT_PICK,327,486
jack1,35,female,1,12234,12234,321,210,0x8b0000,DISTRACTOR,LEFT_PICK,325,538
jack1,35,female,1,12500,12500,266,310,0x228b22,DISTRACTOR,LEFT_PICK,276,513
jack1,35,female,1,12836,12836,336,320,0x006400,DISTRACTOR,LEFT_PICK,301,565
jack1,35,female,1,13164,13164,328,220,0x006400,DISTRACTOR,LEFT_PICK,326,591
jack1,35,female,1,13529,13529,365,321,0x8b0000,DISTRACTOR,RIGHT_REJECT,335,556
jack1,35,female,1,13843,13843,314,331,0x228b22,DISTRACTOR,LEFT_PICK,350,586
jack1,35,female,1,14165,14165,322,330,0xff0040,TARGET,LEFT_PICK,307,599
jack1,35,female,1,14475,14475,310,441,0xff0040,TARGET,RIGHT_REJECT,312,606
jack1,35,female,1,14921,14921,446,340,0x006400,DISTRACTOR,LEFT_PICK,308,655
jack1,35,female,1,15159,15159,238,451,0x228b22,DISTRACTOR,RIGHT_REJECT,318,647
jack1,35,female,1,15621,15621,462,350,0x8b0000,DISTRACTOR,LEFT_PICK,313,693
jack1,35,female,1,15903,15903,282,572,0xff0040,TARGET,RIGHT_REJECT,329,679
jack1,35,female,1,16443,16443,540,582,0xff0040,TARGET,LEFT_PICK,331,678
jack1,35,female,1,16844,16844,401,571,0xff0040,TARGET,LEFT_PICK,309,682
jack1,35,female,1,17173,17173,329,472,0xff0040,TARGET,LEFT_PICK,367,682
jack1,35,female,1,17668,17668,495,693,0xff0040,TARGET,LEFT_PICK,345,678
jack1,35,female,2,40953,1871,,601,0xff0040,TARGET,LEFT_PICK,188,336
jack1,35,female,2,41285,2203,332,501,0xff0040,TARGET,LEFT_PICK,228,360
jack1,35,female,2,41610,2528,325,401,0xff0040,TARGET,LEFT_PICK,263,381
jack1,35,female,2,42261,3179,651,402,0xff0040,TARGET,LEFT_PICK,331,356
jack1,35,female,2,42557,3475,296,403,0xff0040,TARGET,LEFT_PICK,376,339
jack1,35,female,2,43179,4096,622,704,0xff0040,TARGET,LEFT_PICK,304,267
jack1,35,female,2,43609,4527,430,603,0xff0040,TARGET,LEFT_PICK,303,290
jack1,35,female,2,44101,5019,492,705,0xff0040,TARGET,LEFT_PICK,340,232
jack1,35,female,2,44456,5374,355,605,0xff0040,TARGET,LEFT_PICK,379,254
jack1,35,female,2,45098,6016,642,205,0x228b22,DISTRACTOR,LEFT_PICK,580,364
jack1,35,female,2,45470,6388,372,204,0xff0040,TARGET,LEFT_PICK,552,375
jack1,35,female,2,45782,6700,312,104,0xff0040,TARGET,LEFT_PICK,587,380
jack1,35,female,2,46307,7225,525,316,0xff0040,TARGET,LEFT_PICK,569,360
jack1,35,female,2,46661,7579,354,315,0xff0040,TARGET,LEFT_PICK,544,365
jack1,35,female,2,47051,7969,390,215,0xff0040,TARGET,LEFT_PICK,571,380
jack1,35,female,2,47384,8302,333,427,0xff0040,TARGET,LEFT_PICK,550,360
jack1,35,female,2,48099,9017,715,100,0xff0040,TARGET,LEFT_PICK,376,525
jack1,35,female,2,48348,9266,249,200,0xff0040,TARGET,LEFT_PICK,339,509
jack1,35,female,2,48610,9528,262,201,0xff0040,TARGET,LEFT_PICK,373,474
jack1,35,female,2,48947,9864,337,211,0xff0040,TARGET,LEFT_PICK,382,510
jack1,35,female,2,49207,10125,260,311,0xff0040,TARGET,LEFT_PICK,365,499
jack1,35,female,2,49499,10417,292,312,0xff0040,TARGET,LEFT_PICK,383,476
jack1,35,female,2,50177,11095,678,0,0xff0040,TARGET,LEFT_PICK,458,570
jack1,35,female,2,50449,11367,272,110,0xff0040,TARGET,LEFT_PICK,423,598
jack1,35,female,2,50774,11691,325,11,0xff0040,TARGET,LEFT_PICK,505,599
jack1,35,female,2,53959,14877,3185,94,0xff0040,TARGET,LEFT_PICK,414,851
jack1,35,female,2,54287,15205,328,83,0xff0040,TARGET,LEFT_PICK,342,783
jack1,35,female,2,54565,15483,278,183,0xff0040,TARGET,LEFT_PICK,343,757
jack1,35,female,2,54874,15792,309,283,0xff0040,TARGET,LEFT_PICK,350,745
jack1,35,female,2,55670,16588,796,293,0xff0040,TARGET,LEFT_PICK,346,771
jack1,35,female,2,56391,17309,721,63,0xff0040,TARGET,LEFT_PICK,346,627
jack1,35,female,2,56619,17537,228,163,0xff0040,TARGET,LEFT_PICK,350,620
jack1,35,female,2,57064,17982,445,263,0xff0040,TARGET,LEFT_PICK,347,617
jack1,35,female,2,57600,18518,536,42,0xff0040,TARGET,LEFT_PICK,253,479
jack1,35,female,2,58367,19285,767,60,0xff0040,TARGET,LEFT_PICK,120,637
jack1,35,female,2,58599,19517,232,160,0xff0040,TARGET,LEFT_PICK,130,628
jack1,35,female,2,58986,19904,387,260,0xff0040,TARGET,LEFT_PICK,135,613
jack1,35,female,2,59548,20465,562,360,0xff0040,TARGET,LEFT_PICK,154,604
jack1,35,female,2,60444,21361,896,76,0xff0040,TARGET,LEFT_PICK,541,694
jack1,35,female,2,60749,21667,305,66,0xff0040,TARGET,LEFT_PICK,543,654
jack1,35,female,2,61074,21992,325,65,0xff0040,TARGET,LEFT_PICK,495,644
jack1,35,female,2,61355,22273,281,166,0xff0040,TARGET,LEFT_PICK,544,633
jack1,35,female,2,61682,22600,327,67,0xff0040,TARGET,LEFT_PICK,638,639
jack1,35,female,2,62316,23233,634,79,0xff0040,TARGET,LEFT_PICK,756,685
jack1,35,female,2,62580,23498,264,69,0xff0040,TARGET,LEFT_PICK,756,644
jack1,35,female,2,62889,23807,309,169,0x006400,DISTRACTOR,LEFT_PICK,753,594
jack1,35,female,2,63683,24601,794,48,0xff0040,TARGET,LEFT_PICK,689,489
jack1,35,female,2,63988,24906,305,59,0xff0040,TARGET,LEFT_PICK,769,542
jack1,35,female,2,64532,25450,544,37,0xff0040,TARGET,LEFT_PICK,617,421
jack1,35,female,2,65064,25982,532,25,0xff0040,TARGET,LEFT_PICK,479,357
jack1,35,female,2,65613,26531,549,24,0xff0040,TARGET,LEFT_PICK,416,358
jack1,35,female,2,66237,27155,624,13,0xff0040,TARGET,LEFT_PICK,341,319
jack1,35,female,2,66659,27577,422,113,0xff0040,TARGET,LEFT_PICK,346,313
jack1,35,female,2,66878,27795,219,213,0xff0040,TARGET,LEFT_PICK,346,313
jack1,35,female,2,67067,27985,189,313,0xff0040,TARGET,LEFT_PICK,346,313
jack1,35,female,2,67465,28383,398,413,0xff0040,TARGET,LEFT_PICK,348,316
jack1,35,female,2,68161,29079,696,12,0xff0040,TARGET,LEFT_PICK,269,299
jack1,35,female,2,68750,29667,589,212,0xff0040,TARGET,LEFT_PICK,307,339
jack1,35,female,2,69092,30010,342,412,0xff0040,TARGET,LEFT_PICK,313,349
jack1,35,female,2,69958,30876,866,20,0xff0040,TARGET,LEFT_PICK,135,382
jack1,35,female,2,71092,32010,1134,240,0xff0040,TARGET,LEFT_PICK,175,485
jack1,35,female,2,72060,32978,968,250,0xff0040,TARGET,LEFT_PICK,183,549
jack1,35,female,2,72915,33833,855,173,0xff0040,TARGET,LEFT_PICK,354,684
jack1,35,female,2,73491,34409,576,172,0xff0040,TARGET,LEFT_PICK,313,695
jack1,35,female,3,97471,2587,,32,0xff0040,TARGET,LEFT_PICK,271,447
jack1,35,female,3,97827,2942,356,22,0xff0040,TARGET,LEFT_PICK,270,395
jack1,35,female,3,98566,3681,739,45,0xff0040,TARGET,LEFT_PICK,490,516
jack1,35,female,3,98841,3957,275,35,0xff0040,TARGET,LEFT_PICK,485,467
jack1,35,female,3,99257,4373,416,24,0xff0040,TARGET,LEFT_PICK,404,374
jack1,35,female,3,99564,4679,307,14,0xff0040,TARGET,LEFT_PICK,411,327
jack1,35,female,3,99907,5023,343,13,0xff0040,TARGET,LEFT_PICK,368,311
jack1,35,female,3,100479,5594,572,4,0xff0040,TARGET,LEFT_PICK,403,251
jack1,35,female,3,100771,5887,292,114,0xff0040,TARGET,LEFT_PICK,405,291
jack1,35,female,3,101854,6970,1083,77,0xff0040,TARGET,LEFT_PICK,639,736
jack1,35,female,3,102140,7256,286,87,0xff0040,TARGET,LEFT_PICK,634,774
jack1,35,female,3,102419,7535,279,187,0xff0040,TARGET,LEFT_PICK,613,764
jack1,35,female,3,102725,7840,306,177,0xff0040,TARGET,LEFT_PICK,608,719
jack1,35,female,3,103123,8239,398,287,0xff0040,TARGET,LEFT_PICK,602,741
jack1,35,female,3,103479,8594,356,288,0xff0040,TARGET,LEFT_PICK,626,731
jack1,35,female,3,103970,9086,491,88,0xff0040,TARGET,LEFT_PICK,696,771
jack1,35,female,3,104267,9382,297,78,0xff0040,TARGET,LEFT_PICK,692,718
jack1,35,female,3,104590,9706,323,178,0xff0040,TARGET,LEFT_PICK,676,707
jack1,35,female,3,104947,10063,357,278,0xff0040,TARGET,LEFT_PICK,655,692
jack1,35,female,3,105405,10520,458,179,0xff0040,TARGET,LEFT_PICK,715,693
jack1,35,female,3,105745,10860,340,68,0xff0040,TARGET,LEFT_PICK,712,679
jack1,35,female,3,106338,11454,593,168,0xff0040,TARGET,LEFT_PICK,682,630
jack1,35,female,3,106631,11747,293,169,0xff0040,TARGET,LEFT_PICK,710,623
jack1,35,female,3,106975,12091,344,58,0xff0040,TARGET,LEFT_PICK,693,583
jack1,35,female,3,107354,12470,379,269,0xff0040,TARGET,LEFT_PICK,706,618
jack1,35,female,3,107662,12778,308,268,0xff0040,TARGET,LEFT_PICK,665,616
jack1,35,female,3,107988,13104,326,57,0xff0040,TARGET,LEFT_PICK,625,590
jack1,35,female,3,108298,13414,310,369,0xff0040,TARGET,LEFT_PICK,693,614
jack1,35,female,3,108748,13864,450,47,0xff0040,TARGET,LEFT_PICK,637,518
jack1,35,female,3,109008,14124,260,147,0xff0040,TARGET,LEFT_PICK,630,511
jack1,35,female,3,109622,14738,614,248,0xff0040,TARGET,LEFT_PICK,629,495
jack1,35,female,3,109915,15031,293,348,0xff0040,TARGET,LEFT_PICK,630,496
jack1,35,female,3,110492,15607,577,38,0xff0040,TARGET,LEFT_PICK,704,451
jack1,35,female,3,110945,16061,453,39,0xff0040,TARGET,LEFT_PICK,751,453
jack1,35,female,3,111259,16375,314,139,0xff0040,TARGET,LEFT_PICK,742,452
jack1,35,female,3,111649,16764,390,138,0xff0040,TARGET,LEFT_PICK,706,457
jack1,35,female,3,112449,17565,800,238,0xff0040,TARGET,LEFT_PICK,682,448
jack1,35,female,3,112815,17930,366,339,0xff0040,TARGET,LEFT_PICK,675,440
jack1,35,female,3,113210,18326,395,28,0xff0040,TARGET,LEFT_PICK,697,407
jack1,35,female,3,113551,18667,341,29,0xff0040,TARGET,LEFT_PICK,748,403
jack1,35,female,3,114428,19544,877,99,0xff0040,TARGET,LEFT_PICK,743,835
jack1,35,female,3,114666,19781,238,199,0xff0040,TARGET,LEFT_PICK,730,821
jack1,35,female,3,115537,20653,871,96,0xff0040,TARGET,LEFT_PICK,563,840
jack1,35,female,3,115818,20934,281,95,0xff0040,TARGET,LEFT_PICK,519,850
jack1,35,female,3,116175,21290,357,86,0xff0040,TARGET,LEFT_PICK,565,789
jack1,35,female,3,116574,21689,399,186,0xff0040,TARGET,LEFT_PICK,545,767
jack1,35,female,3,116915,22030,341,75,0xff0040,TARGET,LEFT_PICK,514,737
jack1,35,female,3,117308,22423,393,185,0xff0040,TARGET,LEFT_PICK,486,754
jack1,35,female,3,117853,22969,545,296,0xff0040,TARGET,LEFT_PICK,550,774
jack1,35,female,3,118503,23618,650,298,0xff0040,TARGET,LEFT_PICK,638,781
jack1,35,female,3,119219,24334,716,92,0xff0040,TARGET,LEFT_PICK,306,864
jack1,35,female,3,119544,24660,325,81,0xff0040,TARGET,LEFT_PICK,238,821
jack1,35,female,3,119930,25046,386,72,0xff0040,TARGET,LEFT_PICK,302,749
jack1,35,female,3,120713,25828,783,52,0xff0040,TARGET,LEFT_PICK,290,601
jack1,35,female,3,121178,26294,465,51,0xff0040,TARGET,LEFT_PICK,236,608
jack1,35,female,3,121459,26574,281,41,0xff0040,TARGET,LEFT_PICK,218,540
jack1,35,female,3,122060,27175,601,152,0x8b0000,DISTRACTOR,RIGHT_REJECT,292,604
jack1,35,female,3,122517,27633,457,151,0x228b22,DISTRACTOR,RIGHT_REJECT,230,602
jack1,35,female,3,123181,28297,664,251,0x8b0000,DISTRACTOR,RIGHT_REJECT,236,587
jack1,35,female,3,123567,28683,386,261,0x006400,DISTRACTOR,RIGHT_REJECT,233,618
jack1,35,female,3,123939,29055,372,161,0x006400,DISTRACTOR,RIGHT_REJECT,233,637
jack1,35,female,3,124308,29423,369,61,0x006400,DISTRACTOR,RIGHT_REJECT,231,656
jack1,35,female,3,125140,30256,832,271,0x228b22,DISTRACTOR,RIGHT_REJECT,239,685
jack1,35,female,3,125418,30534,278,171,0x006400,DISTRACTOR,RIGHT_REJECT,241,700
jack1,35,female,3,125766,30881,348,71,0x8b0000,DISTRACTOR,RIGHT_REJECT,241,721
jack1,35,female,3,126369,31484,603,281,0xff0040,TARGET,LEFT_PICK,253,733
jack1,35,female,3,126673,31788,304,381,0xff0040,TARGET,LEFT_PICK,253,725
jack1,35,female,3,127016,32132,343,371,0xff0040,TARGET,LEFT_PICK,254,694
jack1,35,female,3,127419,32534,403,481,0x006400,DISTRACTOR,RIGHT_REJECT,254,695
jack1,35,female,3,128338,33454,919,581,0xff0040,TARGET,LEFT_PICK,251,708
jack1,35,female,3,128803,33918,465,591,0x006400,DISTRACTOR,RIGHT_REJECT,252,719
jack1,35,female,3,129226,34342,423,491,0x8b0000,DISTRACTOR,RIGHT_REJECT,253,735
jack1,35,female,3,129554,34670,328,181,0x006400,DISTRACTOR,RIGHT_REJECT,248,756
jack1,35,female,3,130174,35290,620,391,0x8b0000,DISTRACTOR,RIGHT_REJECT,250,763
jack1,35,female,3,130518,35633,344,291,0x228b22,DISTRACTOR,RIGHT_REJECT,250,787
jack1,35,female,3,130864,35979,346,191,0x8b0000,DISTRACTOR,RIGHT_REJECT,248,819
jack1,35,female,3,131293,36408,429,91,0x8b0000,DISTRACTOR,RIGHT_REJECT,241,884
jack1,35,female,3,133437,38553,2144,290,0xff0040,TARGET,LEFT_PICK,413,787
jack1,35,female,3,133825,38941,388,392,0xff0040,TARGET,LEFT_PICK,422,781
jack1,35,female,3,134302,39418,477,270,0xff0040,TARGET,LEFT_PICK,431,642
jack1,35,female,3,134615,39730,313,260,0xff0040,TARGET,LEFT_PICK,427,572
jack1,35,female,3,134912,40028,297,360,0xff0040,TARGET,LEFT_PICK,357,563
jack1,35,female,3,135658,40773,746,660,0xff0040,TARGET,LEFT_PICK,188,581
jack1,35,female,3,136045,41160,387,770,0xff0040,TARGET,LEFT_PICK,152,630
jack1,35,female,3,136352,41467,307,780,0xff0040,TARGET,LEFT_PICK,135,690
jack1,35,female,3,136667,41783,315,790,0xff0040,TARGET,LEFT_PICK,135,746
jack1,35,female,3,137024,42140,357,890,0xff0040,TARGET,LEFT_PICK,112,770
jack1,35,female,3,142300,47416,5276,399,0xff0040,TARGET,LEFT_PICK,420,865
jack1,35,female,3,142557,47672,257,499,0xff0040,TARGET,LEFT_PICK,371,846
jack1,35,female,3,142851,47967,294,498,0xff0040,TARGET,LEFT_PICK,379,795
jack1,35,female,3,143123,48238,272,497,0xff0040,TARGET,LEFT_PICK,399,724
jack1,35,female,3,143634,48750,511,696,0xff0040,TARGET,LEFT_PICK,295,626
jack1,35,female,3,144027,49143,393,695,0xff0040,TARGET,LEFT_PICK,297,558
jack1,35,female,3,144328,49443,301,795,0xff0040,TARGET,LEFT_PICK,242,526
jack1,35,female,3,144649,49765,321,895,0xff0040,TARGET,LEFT_PICK,207,507
jack1,35,female,3,144929,50045,280,885,0xff0040,TARGET,LEFT_PICK,214,498
jack1,35,female,3,145717,50833,788,997,0xff0040,TARGET,LEFT_PICK,83,614
jack1,35,female,3,146091,51207,374,987,0xff0040,TARGET,LEFT_PICK,93,604
jack1,35,female,3,146399,51514,308,988,0xff0040,TARGET,LEFT_PICK,91,622
jack1,35,female,3,146895,52011,496,999,0xff0040,TARGET,LEFT_PICK,45,744
jack1,35,female,3,147182,52298,287,899,0xff0040,TARGET,LEFT_PICK,86,754
jack1,35,female,3,147476,52591,294,889,0xff0040,TARGET,LEFT_PICK,133,747
jack1,35,female,3,147892,53007,416,798,0xff0040,TARGET,LEFT_PICK,198,720
jack1,35,female,3,148334,53450,442,788,0xff0040,TARGET,LEFT_PICK,199,709
jack1,35,female,3,148637,53752,303,789,0xff0040,TARGET,LEFT_PICK,199,730
jack1,35,female,3,149047,54163,410,879,0xff0040,TARGET,LEFT_PICK,170,730
jack1,35,female,3,149355,54470,308,778,0xff0040,TARGET,LEFT_PICK,211,686
jack1,35,female,3,149762,54878,407,769,0xff0040,TARGET,LEFT_PICK,220,686
jack1,35,female,3,150996,56111,1234,594,0xff0040,TARGET,LEFT_PICK,386,501
jack1,35,female,3,151704,56820,708,692,0xff0040,TARGET,LEFT_PICK,389,364
jack1,35,female,3,152165,57281,461,792,0xff0040,TARGET,LEFT_PICK,328,337
jack1,35,female,3,152430,57546,265,782,0xff0040,TARGET,LEFT_PICK,341,337
jack1,35,female,3,152758,57873,328,772,0xff0040,TARGET,LEFT_PICK,343,340
jack1,35,female,3,153148,58264,390,682,0xff0040,TARGET,LEFT_PICK,377,348
jack1,35,female,3,154033,59148,885,661,0xff0040,TARGET,LEFT_PICK,436,330
jack1,35,female,3,154492,59608,459,671,0xff0040,TARGET,LEFT_PICK,434,326
jack1,35,female,3,154939,60054,447,681,0xff0040,TARGET,LEFT_PICK,433,321
jack1,35,female,3,155863,60978,924,791,0xff0040,TARGET,LEFT_PICK,364,269
jack1,35,female,3,156119,61234,256,781,0xff0040,TARGET,LEFT_PICK,364,277
jack1,35,female,3,156957,62072,838,892,0xff0040,TARGET,LEFT_PICK,287,301
jack1,35,female,3,157345,62460,388,893,0xff0040,TARGET,LEFT_PICK,250,358
jack1,35,female,3,158199,63314,854,394,0xff0040,TARGET,LEFT_PICK,522,567
jack1,35,female,3,158516,63632,317,294,0xff0040,TARGET,LEFT_PICK,584,582
jack1,35,female,3,158795,63910,279,284,0xff0040,TARGET,LEFT_PICK,586,578
jack1,35,female,3,159106,64221,311,274,0xff0040,TARGET,LEFT_PICK,587,576
jack1,35,female,3,159719,64835,613,165,0xff0040,TARGET,LEFT_PICK,595,610
jack1,35,female,4,182645,1025,,894,0xff0040,TARGET,LEFT_PICK,219,448
jack1,35,female,4,182945,1324,300,884,0xff0040,TARGET,LEFT_PICK,235,448
jack1,35,female,4,183271,1651,326,893,0xff0040,TARGET,LEFT_PICK,242,396
jack1,35,female,4,183633,2013,362,883,0xff0040,TARGET,LEFT_PICK,260,383
jack1,35,female,4,183891,2270,258,873,0xff0040,TARGET,LEFT_PICK,260,379
jack1,35,female,4,184439,2819,548,794,0xff0040,TARGET,LEFT_PICK,280,484
jack1,35,female,4,184672,3052,233,784,0xff0040,TARGET,LEFT_PICK,290,473
jack1,35,female,4,185237,3617,565,795,0xff0040,TARGET,LEFT_PICK,266,540
jack1,35,female,4,185558,3938,321,695,0xff0040,TARGET,LEFT_PICK,306,563
jack1,35,female,4,185985,4364,427,686,0xff0040,TARGET,LEFT_PICK,321,591
jack1,35,female,4,186517,4897,532,597,0xff0040,TARGET,LEFT_PICK,353,710
jack1,35,female,4,186783,5163,266,587,0xff0040,TARGET,LEFT_PICK,349,708
jack1,35,female,4,187383,5762,600,577,0xff0040,TARGET,LEFT_PICK,339,686
jack1,35,female,4,187821,6201,438,496,0xff0040,TARGET,LEFT_PICK,435,678
jack1,35,female,4,188183,6562,362,487,0xff0040,TARGET,LEFT_PICK,414,689
jack1,35,female,4,188714,7094,531,377,0xff0040,TARGET,LEFT_PICK,446,704
jack1,35,female,4,188933,7313,219,387,0xff0040,TARGET,LEFT_PICK,445,714
jack1,35,female,4,189363,7742,430,296,0xff0040,TARGET,LEFT_PICK,540,729
jack1,35,female,4,189776,8155,413,174,0x006400,DISTRACTOR,LEFT_PICK,634,590
jack1,35,female,4,190226,8605,450,194,0xff0040,TARGET,LEFT_PICK,661,639
jack1,35,female,4,190514,8893,288,294,0xff0040,TARGET,LEFT_PICK,608,623
jack1,35,female,4,190978,9357,464,293,0xff0040,TARGET,LEFT_PICK,633,559
jack1,35,female,4,191223,9602,245,283,0xff0040,TARGET,LEFT_PICK,630,528
jack1,35,female,4,191517,9897,294,273,0xff0040,TARGET,LEFT_PICK,622,521
jack1,35,female,4,191858,10238,341,292,0xff0040,TARGET,LEFT_PICK,651,491
jack1,35,female,4,192619,10999,761,173,0xff0040,TARGET,LEFT_PICK,663,533
jack1,35,female,4,193195,11575,576,491,0xff0040,TARGET,LEFT_PICK,568,367
jack1,35,female,4,193509,11889,314,490,0xff0040,TARGET,LEFT_PICK,578,319
jack1,35,female,4,193861,12241,352,481,0xff0040,TARGET,LEFT_PICK,575,365
jack1,35,female,4,194131,12510,270,480,0xff0040,TARGET,LEFT_PICK,574,326
jack1,35,female,4,194635,13014,504,590,0xff0040,TARGET,LEFT_PICK,551,291
jack1,35,female,4,194929,13309,294,580,0xff0040,TARGET,LEFT_PICK,536,291
jack1,35,female,5,219430,1076,,695,0xff0040,TARGET,LEFT_PICK,302,574
jack1,35,female,5,220013,1659,583,686,0xff0040,TARGET,LEFT_PICK,316,589
jack1,35,female,5,220336,1983,323,685,0xff0040,TARGET,LEFT_PICK,322,566
jack1,35,female,5,220701,2348,365,595,0xff0040,TARGET,LEFT_PICK,373,599
jack1,35,female,5,220990,2637,289,596,0xff0040,TARGET,LEFT_PICK,360,636
jack1,35,female,5,221532,3179,542,486,0xff0040,TARGET,LEFT_PICK,407,651
jack1,35,female,5,221818,3464,286,476,0xff0040,TARGET,LEFT_PICK,410,629
jack1,35,female,5,222103,3749,285,466,0xff0040,TARGET,LEFT_PICK,406,623
jack1,35,female,5,222537,4184,434,495,0xff0040,TARGET,LEFT_PICK,444,635
jack1,35,female,5,223350,4996,813,396,0xff0040,TARGET,LEFT_PICK,488,734
jack1,35,female,5,223758,5404,408,287,0xff0040,TARGET,LEFT_PICK,494,751
jack1,35,female,5,224060,5706,302,387,0xff0040,TARGET,LEFT_PICK,465,730
jack1,35,female,5,224663,6309,603,298,0xff0040,TARGET,LEFT_PICK,471,851
jack1,35,female,5,224950,6596,287,299,0xff0040,TARGET,LEFT_PICK,443,891
jack1,35,female,5,225424,7070,474,499,0xff0040,TARGET,LEFT_PICK,305,857
jack1,35,female,5,225693,7339,269,599,0xff0040,TARGET,LEFT_PICK,273,835
jack1,35,female,5,226041,7687,348,698,0xff0040,TARGET,LEFT_PICK,259,770
jack1,35,female,5,226328,7975,287,688,0xff0040,TARGET,LEFT_PICK,244,741
jack1,35,female,5,226861,8507,533,679,0xff0040,TARGET,LEFT_PICK,236,729
jack1,35,female,5,227279,8925,418,669,0xff0040,TARGET,LEFT_PICK,234,720
jack1,35,female,5,227673,9319,394,798,0xff0040,TARGET,LEFT_PICK,193,714
jack1,35,female,5,228001,9647,328,898,0xff0040,TARGET,LEFT_PICK,132,692
jack1,35,female,5,228928,10574,927,989,0xff0040,TARGET,LEFT_PICK,68,700
jack1,35,female,5,229203,10850,275,999,0xff0040,TARGET,LEFT_PICK,45,707
jack1,35,female,5,230009,11656,806,986,0xff0040,TARGET,LEFT_PICK,146,522
jack1,35,female,5,230484,12130,475,985,0xff0040,TARGET,LEFT_PICK,167,463
jack1,35,female,5,230863,12509,379,794,0xff0040,TARGET,LEFT_PICK,292,491
jack1,35,female,5,231476,13123,613,693,0xff0040,TARGET,LEFT_PICK,390,437
jack1,35,female,5,231764,13410,288,593,0xff0040,TARGET,LEFT_PICK,438,469
jack1,35,female,5,232159,13806,395,583,0xff0040,TARGET,LEFT_PICK,442,473
jack1,35,female,5,232511,14158,352,573,0x228b22,DISTRACTOR,LEFT_PICK,435,482
jack1,35,female,5,232889,14535,378,574,0xff0040,TARGET,LEFT_PICK,432,488
jack1,35,female,5,233252,14899,363,564,0xff0040,TARGET,LEFT_PICK,432,485
jack1,35,female,5,233977,15624,725,394,0xff0040,TARGET,LEFT_PICK,553,617
jack1,35,female,5,234250,15896,273,294,0xff0040,TARGET,LEFT_PICK,592,623
jack1,35,female,5,234569,16215,319,284,0xff0040,TARGET,LEFT_PICK,608,609
jack1,35,female,5,234942,16588,373,293,0xff0040,TARGET,LEFT_PICK,618,589
jack1,35,female,5,235213,16859,271,174,0x006400,DISTRACTOR,LEFT_PICK,640,621
jack1,35,female,5,235695,17342,482,184,0xff0040,TARGET,LEFT_PICK,640,662
jack1,35,female,5,236003,17649,308,194,0xff0040,TARGET,LEFT_PICK,640,691
jack1,35,female,5,236645,18291,642,85,0xff0040,TARGET,LEFT_PICK,640,725
jack1,35,female,5,236917,18564,272,195,0xff0040,TARGET,LEFT_PICK,616,743
jack1,35,female,5,237246,18893,329,196,0xff0040,TARGET,LEFT_PICK,592,801
jack1,35,female,5,237663,19309,417,197,0xff0040,TARGET,LEFT_PICK,556,834
jack1,35,female,5,237934,19581,271,87,0xff0040,TARGET,LEFT_PICK,568,822
jack1,35,female,5,238351,19998,417,186,0xff0040,TARGET,LEFT_PICK,571,783
jack1,35,female,5,238678,20324,327,77,0xff0040,TARGET,LEFT_PICK,577,800
jack1,35,female,5,239065,20712,387,96,0xff0040,TARGET,LEFT_PICK,619,829
jack1,35,female,5,239537,21184,472,98,0xff0040,TARGET,LEFT_PICK,569,917
jack1,35,female,5,240288,21935,751,93,0xff0040,TARGET,LEFT_PICK,764,681
jack1,35,female,5,240606,22253,318,193,0xff0040,TARGET,LEFT_PICK,710,664
jack1,35,female,5,240939,22586,333,192,0xff0040,TARGET,LEFT_PICK,718,605
jack1,35,female,5,241251,22897,312,191,0xff0040,TARGET,LEFT_PICK,744,564
jack1,35,female,5,241588,23234,337,291,0xff0040,TARGET,LEFT_PICK,732,540
jack1,35,female,5,242009,23656,421,391,0xff0040,TARGET,LEFT_PICK,675,502
jack1,35,female,5,242351,23997,342,181,0xff0040,TARGET,LEFT_PICK,724,525
jack1,35,female,5,243030,24676,679,290,0xff0040,TARGET,LEFT_PICK,730,470
jack1,35,female,5,243366,25012,336,390,0xff0040,TARGET,LEFT_PICK,712,455

TRIAL_SUMMARY
trial,targetsPicked,targetsRejected,distractorsPicked,distractorsRejected,totalClicks
1,12,5,22,8,47
2,62,0,2,0,64
3,109,0,0,17,126
4,31,0,1,0,32
5,56,0,2,0,58